ä½ å¥½ï¼Œæˆ‘æ˜¯ä¿Šè¾¾ã€‚

è¿™ä¸€è®²ï¼Œæˆ‘ä»¬æ¥è®¨è®ºå­æŸ¥è¯¢çš„ä¸€äº›ä¼˜åŒ–ç­–ç•¥ã€‚å­æŸ¥è¯¢æ˜¯SQLå¾ˆé‡è¦çš„ä¸€ä¸ªèƒ½åŠ›ï¼Œå¹³æ—¶ä¹Ÿä¸å°‘è§ã€‚

## å­æŸ¥è¯¢çš„ä¸€ä¸ªä¾‹å­

æ—©æœŸMySQLï¼ˆ5.5ä»¥åŠæ›´æ—©çš„ç‰ˆæœ¬ï¼‰å¯¹å­æŸ¥è¯¢çš„æ”¯æŒæ¯”è¾ƒå¼±ï¼Œä½¿ç”¨å­æŸ¥è¯¢æ—¶å®¹æ˜“é‡åˆ°æ€§èƒ½é—®é¢˜ã€‚

åœ¨13è®²çš„æ€è€ƒé¢˜ä¸­ï¼Œå°±æœ‰ä¸€ä¸ªæ‰§è¡Œäº†å‡ å¤©éƒ½æ²¡æœ‰å®Œæˆçš„SQLã€‚

```plain
Command: Query 
Time: 184551 
State: Sending data 
Info: select item_id, sum(sold) as sold 
      from stat_item_detail 
      where item_id in (
           select item_id 
           from stat_item_detail 
           where gmt_create >= '2019-10-05 08:59:00') 
      group by item_id
```

ä¸Šé¢è¿™ä¸ªSQLè¯­å¥å¹¶ä¸å¤æ‚ï¼Œæˆ‘ä»¬æ¥æ„å»ºä¸€ä¸ªæµ‹è¯•è¡¨ï¼Œå‡†å¤‡ä¸€äº›æ•°æ®ï¼Œå¹¶åšä¸€äº›æµ‹è¯•ã€‚ä½¿ç”¨ä¸‹é¢è¿™æ®µSQLåˆ›å»ºè¡¨ï¼Œå¹¶å†™å…¥100ä¸‡è¡Œæ•°æ®ã€‚

```plain
create table stat_item_detail(
    id int not null auto_increment,
    item_id int not null,
    sold int not null,
    gmt_create datetime not null,
    padding varchar(4000),
    primary key(id),
    key idx_item_id(item_id),
    key idx_gmt_create(gmt_create)
) engine=innodb;


create view digit 
  as select 0 as a union all select 1 union all select 2 union all select 3 
     union all select 4  union all select 5 union all select 6 
     union all select 7  union all select 8 union all select 9 ;

create view numbers_1m AS 
select ((((a.a * 10 + b.a)*10 + c.a)*10 + d.a)*10+e.a)*10+f.a as n
from digit a, digit b, digit c, digit d, digit e, digit f;

insert into stat_item_detail(item_id, sold, gmt_create, padding)
select n + 1000000 - n % 2 as item_id, 
    n % 100 - n%100%2,  
    date_add('2024-06-01 00:00:00', interval n minute) as gmt_create,
    rpad('x', 1000, 'abcdefg ') as padding
from numbers_1m;
```

å½“æ—¶ç”¨çš„è¿˜æ˜¯MySQL 5.1å’Œ5.5çš„ç‰ˆæœ¬ã€‚æˆ‘ä»¬å…ˆæ¥çœ‹ä¸€ä¸‹åœ¨5.5ä¸­è¿™ä¸ªSQLçš„æ‰§è¡Œè®¡åˆ’ã€‚

```plain
mysql> explain select item_id, sum(sold) as sold 
      from stat_item_detail 
      where item_id in (
           select item_id 
           from stat_item_detail 
           where Gmt_create >= '2026-04-26 10:30:00') 
      group by item_id;

+----+--------------------+------------------+----------------+----------------------------+-------------+---------+------+---------+-------------+
| id | select_type        | table            | type           | possible_keys              | key         | key_len | ref  | rows    | Extra       |
+----+--------------------+------------------+----------------+----------------------------+-------------+---------+------+---------+-------------+
|  1 | PRIMARY            | stat_item_detail | index          | NULL                       | idx_item_id | 4       | NULL | 1000029 | Using where |
|  2 | DEPENDENT SUBQUERY | stat_item_detail | index_subquery | idx_item_id,idx_gmt_create | idx_item_id | 4       | func |       1 | Using where |
+----+--------------------+------------------+----------------+----------------------------+-------------+---------+------+---------+-------------+
```

ä»ä¸Šé¢çš„è¿™ä¸ªæ‰§è¡Œè®¡åˆ’å¯ä»¥çœ‹åˆ°ï¼Œè¿™ä¸ªSQLåœ¨æ‰§è¡Œæ—¶ï¼Œå…ˆå…¨é‡æ‰«æç´¢å¼•idx\_item\_idï¼Œæ¯å¾—åˆ°ä¸€ä¸ªitem\_idåï¼Œæ‰§è¡Œç›¸å…³å­æŸ¥è¯¢ï¼ˆDEPENDENT SUBQUERYï¼‰select 1 from stat\_item\_detail where gmt\_create &gt;= â€˜2026-04-26 10:30:00â€™ and item\_id = primary.item\_idã€‚å½“ä¸»æŸ¥è¯¢ä¸­è¡¨ä¸­çš„æ•°æ®é‡å¾ˆå¤§çš„æ—¶å€™ï¼Œå­æŸ¥è¯¢æ‰§è¡Œçš„æ¬¡æ•°ä¹Ÿä¼šå¾ˆå¤šï¼Œå› æ­¤SQLçš„æ€§èƒ½éå¸¸å·®ã€‚

åœ¨æˆ‘çš„æµ‹è¯•ç¯å¢ƒä¸­ï¼Œæ‰§è¡Œè¿™ä¸ªSQLéœ€è¦45ç§’å·¦å³ã€‚

```plain
mysql> select item_id, sum(sold) as sold
          from stat_item_detail
          where item_id in (
               select item_id
               from stat_item_detail
               where Gmt_create >= '2026-04-26 10:30:00')
          group by item_id;
+---------+------+
| item_id | sold |
+---------+------+
| 1999990 |  180 |
| 1999992 |  184 |
| 1999994 |  188 |
| 1999996 |  192 |
| 1999998 |  196 |
+---------+------+
5 rows in set (44.64 sec)
```

é‚£ä¹ˆå°†INæ”¹æˆexistsåï¼Œæ˜¯å¦èƒ½æå‡æ€§èƒ½å‘¢ï¼Ÿæˆ‘ä»¬æ¥è¯•ä¸€ä¸‹ï¼Œå¯ä»¥çœ‹åˆ°æ‰§è¡Œæ—¶é—´å’Œä½¿ç”¨INåŸºæœ¬ä¸€æ ·ã€‚

```plain
mysql> select item_id, sum(sold) as sold
from stat_item_detail t1
where exists (
    select 1
    from stat_item_detail
    where gmt_create >= '2026-04-26 10:30:00'
	and item_id = t1.item_id )
group by item_id;

+---------+------+
| item_id | sold |
+---------+------+
| 1999990 |  180 |
| 1999992 |  184 |
| 1999994 |  188 |
| 1999996 |  192 |
| 1999998 |  196 |
+---------+------+
5 rows in set (44.71 sec)
```

å®é™…ä¸Šï¼Œä½ ä¼šå‘ç°ï¼Œä¸ç®¡æ˜¯ä½¿ç”¨INè¿˜æ˜¯Existsï¼Œæ‰§è¡Œè®¡åˆ’éƒ½æ˜¯ä¸€æ ·çš„ã€‚

```plain
mysql> explain select item_id, sum(sold) as sold
     from stat_item_detail t1
     where exists (
         select 1
         from stat_item_detail
         where gmt_create >= '2026-04-26 10:30:00'
         and item_id = t1.item_id )
     group by item_id;
+----+--------------------+------------------+-------+----------------------------+-------------+---------+----------------+---------+-------------+
| id | select_type        | table            | type  | possible_keys              | key         | key_len | ref            | rows    | Extra       |
+----+--------------------+------------------+-------+----------------------------+-------------+---------+----------------+---------+-------------+
|  1 | PRIMARY            | t1               | index | NULL                       | idx_item_id | 4       | NULL           | 1000029 | Using where |
|  2 | DEPENDENT SUBQUERY | stat_item_detail | ref   | idx_item_id,idx_gmt_create | idx_item_id | 4       | rep.t1.item_id |       1 | Using where |
+----+--------------------+------------------+-------+----------------------------+-------------+---------+----------------+---------+-------------+
```

è§‚å¯Ÿè¿™ä¸ªSQLæœ€ç»ˆè¿”å›çš„æ•°æ®å®é™…ä¸Šå¹¶ä¸å¤šï¼Œå› ä¸ºå­æŸ¥è¯¢select item\_id from stat\_item\_detail where gmt\_create &gt;= '2026-04-26 10:30:00â€™åªéœ€è¦è¿”å›æœ€è¿‘å†™å…¥çš„æ•°æ®ã€‚

é‚£ä¹ˆæ˜¯ä¸æ˜¯å¯ä»¥å…ˆæ‰§è¡Œå­æŸ¥è¯¢å‘¢ï¼Ÿæˆ‘ä»¬å°è¯•æ”¹å†™ä¸€ä¸‹SQLã€‚æ”¹å†™åï¼ŒæŸ¥è¯¢çš„æ•ˆç‡æé«˜äº†å¾ˆå¤šï¼Œä½†æ˜¯æŸ¥è¯¢çš„ç»“æœæœ‰ç‚¹é—®é¢˜äº†ã€‚

```plain
mysql> select t1.item_id, sum(t1.sold) as sold
     from stat_item_detail t1, stat_item_detail t2
     where t1.item_id = t2.item_id
     and t2.gmt_create >= '2026-04-26 10:30:00'
     group by t1.item_id;
+---------+------+
| item_id | sold |
+---------+------+
| 1999990 |  360 |
| 1999992 |  368 |
| 1999994 |  376 |
| 1999996 |  384 |
| 1999998 |  392 |
+---------+------+
5 rows in set (0.00 sec)
```

é—®é¢˜å‡ºåœ¨å“ªé‡Œå‘¢ï¼Ÿå› ä¸ºå­æŸ¥è¯¢ä¸­ï¼Œitem\_idä¸æ˜¯å”¯ä¸€çš„ã€‚æ”¹æˆæ™®é€šçš„è¡¨è¿æ¥åï¼Œæ•°æ®æœ‰é‡å¤ã€‚å› æ­¤æˆ‘ä»¬éœ€è¦å¯¹æ•°æ®åšä¸€ä¸ªå»é‡ã€‚

```plain
select item_id, sum(sold) from (
    select distinct t1.item_id, t1.sold as sold, t2.sold as sold2
    from stat_item_detail t1, stat_item_detail t2
    where t1.item_id = t2.item_id
    and t2.gmt_create >= '2026-04-26 10:30:00'
) t group by item_id;
+---------+-----------+
| item_id | sum(sold) |
+---------+-----------+
| 1999990 |        90 |
| 1999992 |        92 |
| 1999994 |        94 |
| 1999996 |        96 |
| 1999998 |        98 |
+---------+-----------+
5 rows in set (0.00 sec)
```

ä½†æ˜¯ï¼Œè¿™æ ·å»é‡åï¼Œæ•°æ®è¿˜æ˜¯ä¸å¯¹ã€‚å› ä¸ºä¸»è¡¨ä¸­item\_idæ˜¯å…è®¸é‡å¤çš„ï¼Œæˆ‘ä»¬åªéœ€è¦å¯¹å­æŸ¥è¯¢ä¸­çš„item\_idå»é‡ã€‚å°†SQLæ”¹æˆä¸‹é¢è¿™ä¸ªæ ·å­ï¼ŒæŸ¥è¯¢ç»“æœç»ˆäºæ­£ç¡®äº†ï¼ŒSQLçš„æ•ˆç‡ä¹Ÿè¿˜ä¸é”™ã€‚

```plain
mysql> select t1.item_id, sum(t1.sold) as sold
from stat_item_detail t1, (
  select distinct item_id 
  from stat_item_detail t2
  where t2.gmt_create >= '2026-04-26 10:30:00') t22
where t1.item_id = t22.item_id
group by t1.item_id;
+---------+------+
| item_id | sold |
+---------+------+
| 1999990 |  180 |
| 1999992 |  184 |
| 1999994 |  188 |
| 1999996 |  192 |
| 1999998 |  196 |
+---------+------+
5 rows in set (0.00 sec)
```

å®é™…ä¸Šï¼Œæˆ‘ä»¬è¿˜å¯ä»¥ä½¿ç”¨å¦å¤–ä¸€ç§æ–¹æ³•æ¥å»é‡ï¼Œä¹Ÿå°±æ˜¯æŒ‰ä¸»è¡¨çš„ä¸»é”®å­—æ®µæ¥å»é‡ã€‚

```plain
select item_id, sum(sold) from (
    select distinct t1.id,  t1.item_id, t1.sold as sold
    from stat_item_detail t1, stat_item_detail t2
    where t1.item_id = t2.item_id
    and t2.gmt_create >= '2026-04-26 10:30:00'
) t group by item_id;

+---------+-----------+
| item_id | sum(sold) |
+---------+-----------+
| 1999990 |       180 |
| 1999992 |       184 |
| 1999994 |       188 |
| 1999996 |       192 |
| 1999998 |       196 |
+---------+-----------+
5 rows in set (0.00 sec)
```

## MySQLçš„åŠè¿æ¥ï¼ˆSEMIJOINï¼‰ä¼˜åŒ–

MySQL 5.6å¼€å§‹å¼•å…¥äº†åŠè¿æ¥è½¬æ¢ï¼Œå¯¹äºå‰é¢ä¾‹å­ä¸­çš„SQLï¼Œä¼˜åŒ–å™¨ä¼šè‡ªåŠ¨è¿›è¡ŒæŸ¥è¯¢è½¬æ¢ï¼Œä¸éœ€è¦å†æ‰‹åŠ¨æ”¹å†™SQLäº†ã€‚åœ¨MySQL 5.6å’Œ5.7ä¸­ï¼Œè¿˜ä¸ä¼šå¯¹existsåšåŠè¿æ¥ä¼˜åŒ–ã€‚ä»MySQL 8.0.16å¼€å§‹ï¼Œä¼˜åŒ–å™¨å¯¹existså­æŸ¥è¯¢ä¹Ÿä¼šè¿›è¡ŒåŠè¿æ¥è½¬æ¢ã€‚

åœ¨8.0çš„ç¯å¢ƒä¸­æ‰§è¡Œè¿™ä¸ªSQLï¼ŒMySQLè‡ªåŠ¨æŠŠæŸ¥è¯¢è½¬æ¢æˆäº†åŠè¿æ¥ã€‚

```plain
mysql> explain select item_id, sum(sold) as sold 
      from stat_item_detail 
      where item_id in (
           select item_id 
           from stat_item_detail 
           where Gmt_create >= '2026-04-26 10:30:00') 
      group by item_id;

+----+--------------+------------------+-------+----------------------------+----------------+---------+---------------------+------+----------+-----------------------+
| id | select_type  | table            | type  | possible_keys              | key            | key_len | ref                 | rows | filtered | Extra                 |
+----+--------------+------------------+-------+----------------------------+----------------+---------+---------------------+------+----------+-----------------------+
|  1 | SIMPLE       | <subquery2>      | ALL   | NULL                       | NULL           | NULL    | NULL                | NULL |   100.00 | Using temporary       |
|  1 | SIMPLE       | stat_item_detail | ref   | idx_item_id                | idx_item_id    | 4       | <subquery2>.item_id |    1 |   100.00 | NULL                  |
|  2 | MATERIALIZED | stat_item_detail | range | idx_item_id,idx_gmt_create | idx_gmt_create | 5       | NULL                |   10 |   100.00 | Using index condition |
+----+--------------+------------------+-------+----------------------------+----------------+---------+---------------------+------+----------+-----------------------+
```

ä¸Šé¢çš„è¿™ä¸ªæ‰§è¡Œè®¡åˆ’ï¼Œå®é™…ä¸Šå’Œæˆ‘ä»¬çš„ç¬¬ä¸€ç§æ‰‹åŠ¨æ”¹å†™çš„æ–¹å¼ç±»ä¼¼ã€‚

```plain
mysql> select t1.item_id, sum(t1.sold) as sold
from stat_item_detail t1, (
  select distinct item_id 
  from stat_item_detail t2
  where t2.gmt_create >= '2026-04-26 10:30:00') t22
where t1.item_id = t22.item_id
group by t1.item_id;

+----+-------------+------------+-------+----------------------------+----------------+---------+-------------+------+----------+----------------------------------------+
| id | select_type | table      | type  | possible_keys              | key            | key_len | ref         | rows | filtered | Extra                                  |
+----+-------------+------------+-------+----------------------------+----------------+---------+-------------+------+----------+----------------------------------------+
|  1 | PRIMARY     | <derived2> | ALL   | NULL                       | NULL           | NULL    | NULL        |   10 |   100.00 | Using temporary                        |
|  1 | PRIMARY     | t1         | ref   | idx_item_id                | idx_item_id    | 4       | t22.item_id |    1 |   100.00 | NULL                                   |
|  2 | DERIVED     | t2         | range | idx_item_id,idx_gmt_create | idx_gmt_create | 5       | NULL        |   10 |   100.00 | Using index condition; Using temporary |
+----+-------------+------------+-------+----------------------------+----------------+---------+-------------+------+----------+----------------------------------------+
```

å½“ç„¶ï¼Œèƒ½è¿›è¡ŒåŠè¿æ¥è½¬æ¢çš„SQLï¼Œéœ€è¦æ»¡è¶³ä¸€äº›åŸºæœ¬çš„æ¡ä»¶ã€‚

1. å­æŸ¥è¯¢æ²¡æœ‰ä½¿ç”¨UNIONã€‚
2. å­æŸ¥è¯¢æ²¡æœ‰ä½¿ç”¨Havingã€‚
3. å­æŸ¥è¯¢æ²¡æœ‰ä½¿ç”¨èšåˆå‡½æ•°ï¼ˆå¦‚avgã€sumç­‰ï¼‰ã€‚
4. å­æŸ¥è¯¢ä¸­ä¸å…è®¸ä½¿ç”¨limitã€‚
5. ä¸»æŸ¥è¯¢å’Œå­æŸ¥è¯¢æ²¡æœ‰ä½¿ç”¨STRAIGHT\_JOINã€‚
6. ä¸»æŸ¥è¯¢ä¸­è¡¨çš„æ•°é‡å’Œå­æŸ¥è¯¢ä¸­è¡¨çš„æ•°é‡ç›¸åŠ ä¸è¶…è¿‡MySQLå…è®¸çš„æœ€å¤§è¡¨è¿æ¥æ•°é‡ã€‚MySQLæœ€å¤šå…è®¸61è¡¨çš„è¿æ¥ã€‚

å­æŸ¥è¯¢ä¸­å¯ä»¥ä½¿ç”¨distinctã€order byã€group byè¿™äº›å…³é”®è¯ï¼Œå®é™…ä¸Šå­æŸ¥è¯¢ä¸­çš„è¿™äº›å…³é”®è¯ä¼šè¢«ä¼˜åŒ–å™¨å¿½ç•¥æ‰ï¼ˆå‰ææ˜¯æ²¡æœ‰åŒæ—¶ä½¿ç”¨äº†èšåˆå‡½æ•°ï¼‰ã€‚

å¦‚æœå­æŸ¥è¯¢æ»¡è¶³äº†ä¸Šé¢è¿™äº›æ¡ä»¶ï¼Œä¼˜åŒ–å™¨ä¼šè‡ªåŠ¨æŸ¥è¯¢è½¬æ¢ï¼Œå°†å­æŸ¥è¯¢è½¬æ¢ä¸ºåŠè¿æ¥ã€‚ä¼˜åŒ–å™¨ä¼šæ ¹æ®è¯­å¥çš„å…·ä½“æƒ…å†µï¼Œé€‰æ‹©åˆé€‚ç­–ç•¥æ¥æ‰§è¡ŒåŠè¿æ¥ã€‚è¿™äº›ç­–ç•¥åˆ†åˆ«æ˜¯pulloutã€duplicate weedoutã€first matchã€loose scanã€materializationã€‚

- Pulloutï¼šç›´æ¥å°†å­æŸ¥è¯¢æåˆ°å¤–å±‚ï¼Œæ”¹å†™æˆè¡¨è¿æ¥ã€‚
- Duplicate weedoutï¼šå¦‚æœå­æŸ¥è¯¢ä¸­çš„æ•°æ®å¯èƒ½å­˜åœ¨é‡å¤ï¼ŒMySQLä¼šå¯¹ç»“æœæ•°æ®è¿›è¡Œå»é‡ã€‚
- First Matchï¼šæ‰§è¡Œè¡¨è¿æ¥æ—¶ï¼Œå¯¹äºé©±åŠ¨è¡¨ä¸­çš„æ¯ä¸€è¡Œè®°å½•ï¼Œåªéœ€è¦åŒ¹é…å­æŸ¥è¯¢çš„ç¬¬ä¸€æ¡è®°å½•å°±è¿”å›ã€‚
- Loose Scanï¼šåˆ©ç”¨å­æŸ¥è¯¢ä¸­ç´¢å¼•çš„æœ‰åºæ€§ï¼Œè·å–å…³è”æ¡ä»¶çš„å”¯ä¸€å€¼ã€‚
- Materializationï¼šå°†å­æŸ¥è¯¢çš„ç»“æœå­˜å‚¨åœ¨ä¸´æ—¶è¡¨ï¼Œä¸´æ—¶è¡¨å†å’Œçˆ¶è¡¨è¿›è¡Œå…³è”ã€‚

å‚æ•°optimizer\_switchä¸­æœ‰ä¸€äº›é€‰é¡¹ç”¨æ¥æ§åˆ¶æ˜¯å¦å¼€å¯æŸä¸ªåŠè¿æ¥ç­–ç•¥ï¼Œæˆ‘æ•´ç†æˆäº†ä¸‹é¢è¿™ä¸ªè¡¨æ ¼ã€‚

![å›¾ç‰‡](https://static001.geekbang.org/resource/image/9d/50/9d5e62743caf6f6724f37dcda5218050.png?wh=1920x879)

ä¼˜åŒ–å™¨ä¼šè®¡ç®—è¿™äº›åŠè¿æ¥ç­–ç•¥çš„æˆæœ¬ï¼Œä»ä¸­é€‰æ‹©æˆæœ¬æœ€ä½çš„æ‰§è¡Œè®¡åˆ’ã€‚

æ¥ä¸‹æ¥æˆ‘ç”¨ä¸€äº›å…·ä½“çš„ä¾‹å­æ¥è¯´æ˜è¿™äº›æ‰§è¡Œç­–ç•¥çš„ä½¿ç”¨åœºæ™¯ã€‚

å…ˆæ ¹æ®ä¸‹é¢çš„SQLï¼Œåˆ›å»ºå‡ ä¸ªæµ‹è¯•è¡¨ï¼Œå‡†å¤‡ä¸€äº›æµ‹è¯•æ•°æ®ã€‚

```plain
CREATE TABLE t_parent (
  id int not null auto_increment,
  a int,
  b int ,
  c int ,
  padding varchar(2000),
  primary key(id),
  KEY idx_a (a)
) ENGINE=InnoDB;

CREATE TABLE t_subq (
  id int not null auto_increment,
  a int ,
  b int ,
  c int ,
  d int ,
  padding varchar(2000),
  primary key(id),
  UNIQUE KEY uk_cb (c,b),
  KEY idx_abc (a,b,c)
) ENGINE=InnoDB;

insert into t_parent(a,b,c) values 
(1,1,1),(2,2,2),(3,3,3),(4,4,4),(5,5,5),(null,0,0),(2,2,2);

insert into t_subq (a,b,c,d) values
(1,1,1,1),(2,2,2,2),(3,3,3,3),(2,4,4,2);
```

### Pullout

å¦‚æœå­æŸ¥è¯¢ä¸­ï¼Œè¡¨ä¸Šçš„å”¯ä¸€ç´¢å¼•æˆ–ä¸»é”®èƒ½ä¿è¯æ•°æ®çš„å”¯ä¸€æ€§ï¼Œå°±å¯ä»¥ç›´æ¥å°†å­æŸ¥è¯¢è½¬æ¢ä¸ºè¡¨è¿æ¥ï¼Œä¸ç”¨åšå…¶ä»–é¢å¤–çš„å¤„ç†ï¼Œè¿™ç§è½¬æ¢å°±å«åšPulloutï¼Œä¸‹é¢çš„æŸ¥è¯¢æ¼”ç¤ºäº†è¿™ç§æƒ…å†µã€‚

```plain
mysql> explain select * from t_parent where a in (
    select b from t_subq where c = 1);

+----+-------------+----------+------+---------------+-------+---------+--------------+------+----------+--------------------------+
| id | select_type | table    | type | possible_keys | key   | key_len | ref          | rows | filtered | Extra                    |
+----+-------------+----------+------+---------------+-------+---------+--------------+------+----------+--------------------------+
|  1 | SIMPLE      | t_subq   | ref  | uk_cb         | uk_cb | 5       | const        |    1 |   100.00 | Using where; Using index |
|  1 | SIMPLE      | t_parent | ref  | idx_a         | idx_a | 5       | rep.t_subq.b |    1 |   100.00 | NULL                     |
+----+-------------+----------+------+---------------+-------+---------+--------------+------+----------+--------------------------+
```

ç”±äºå­æŸ¥è¯¢å†…çš„tyè¡¨ä¸Šæœ‰å”¯ä¸€ç´¢å¼•uk\_cb(c,b)ï¼Œåœ¨c=1çš„æƒ…å†µä¸‹ï¼Œbæ˜¯å”¯ä¸€çš„ï¼Œæ‰€ä»¥ç›´æ¥å°†å­æŸ¥è¯¢è½¬æ¢æˆäº†è¡¨è¿æ¥ã€‚

æ‰§è¡Œshow warningsåï¼Œå¯ä»¥çœ‹åˆ°SQLå·²ç»è¢«æ”¹å†™æˆäº†æ™®é€šçš„è¡¨è¿æ¥ã€‚

```plain
mysql> show warnings\G
*************************** 1. row ***************************
  Level: Note
   Code: 1003
Message: /* select#1 */ select `rep`.`t_parent`.`id` AS `id`,`rep`.`t_parent`.`a` AS `a`,`rep`.`t_parent`.`b` AS `b`,`rep`.`t_parent`.`c` AS `c`,`rep`.`t_parent`.`padding` AS `padding` from `rep`.`t_subq` join `rep`.`t_parent` where ((`rep`.`t_parent`.`a` = `rep`.`t_subq`.`b`) and (`rep`.`t_subq`.`c` = 1))
```

### Duplicate Weedout

å¦‚æœå­æŸ¥è¯¢ä¸­çš„æ•°æ®æœ‰å¯èƒ½å‡ºç°é‡å¤å€¼ï¼Œé‚£ä¹ˆå°†å­æŸ¥è¯¢è½¬æ¢ä¸ºè¡¨è¿æ¥æ—¶ï¼Œéœ€è¦å¯¹å­æŸ¥è¯¢çš„æ•°æ®è¿›è¡Œå»é‡ï¼Œè¿™ç§æƒ…å†µä¸ºDuplicate Weedoutï¼Œä¸‹é¢æ˜¯ä¸€ä¸ªä¾‹å­ï¼š

```plain
mysql>  explain  select * from t_parent where a in (
  select d from t_subq where a in (1,3));
+----+-------------+----------+-------+---------------+---------+---------+--------------+------+----------+-----------------------------------------------------+
| id | select_type | table    | type  | possible_keys | key     | key_len | ref          | rows | filtered | Extra                                               |
+----+-------------+----------+-------+---------------+---------+---------+--------------+------+----------+-----------------------------------------------------+
|  1 | SIMPLE      | t_subq   | range | idx_abc       | idx_abc | 5       | NULL         |    2 |   100.00 | Using index condition; Using where; Start temporary |
|  1 | SIMPLE      | t_parent | ref   | idx_a         | idx_a   | 5       | rep.t_subq.d |    1 |   100.00 | End temporary                                       |
+----+-------------+----------+-------+---------------+---------+---------+--------------+------+----------+-----------------------------------------------------+
```

æ³¨æ„åˆ°æ‰§è¡Œè®¡åˆ’ä¸­ï¼Œselect\_typeåˆ—æ˜¾ç¤ºSIMPLEï¼Œè¯´æ˜å­æŸ¥è¯¢å·²ç»è¢«è½¬æ¢æˆè¡¨è¿æ¥äº†ã€‚Extraåˆ—ä¸­çš„Start temporaryå’ŒEnd temporaryè¯´æ˜ä½¿ç”¨äº†ä¸´æ—¶è¡¨æ¥å¯¹æ•°æ®è¿›è¡Œå»é‡ã€‚è¿™é‡Œä¼šä½¿ç”¨t\_parentè¡¨çš„ä¸»é”®å­—æ®µæ¥å»é‡ã€‚

æ‰§è¡Œshow warningså¯ä»¥çœ‹åˆ°è½¬æ¢åçš„æŸ¥è¯¢ä½¿ç”¨äº†semi joinã€‚

```plain
mysql> show warnings\G
*************************** 1. row ***************************
  Level: Note
   Code: 1003
Message: /* select#1 */ select `rep`.`t_parent`.`id` AS `id`,`rep`.`t_parent`.`a` AS `a`,`rep`.`t_parent`.`b` AS `b`,`rep`.`t_parent`.`c` AS `c`,`rep`.`t_parent`.`padding` AS `padding` from `rep`.`t_parent` semi join (`rep`.`t_subq`) where ((`rep`.`t_parent`.`a` = `rep`.`t_subq`.`d`) and (`rep`.`t_subq`.`a` in (1,3)))
1 row in set (0.00 sec)
```

### First match

å­æŸ¥è¯¢è½¬æ¢ä¸ºåŠè¿æ¥åï¼Œå¦‚æœä¼˜åŒ–å™¨é€‰æ‹©ä»¥åŸå…ˆçš„ä¸»æŸ¥è¯¢ä½œä¸ºé©±åŠ¨è¡¨ï¼Œè¿˜å¯ä»¥ä½¿ç”¨First matchç­–ç•¥ã€‚First matchçš„æ„æ€æ˜¯ï¼Œå¯¹äºé©±åŠ¨è¡¨çš„æ¯ä¸€è¡Œæ•°æ®ï¼Œå…³è”å­æŸ¥è¯¢ä¸­çš„è¡¨æ—¶ï¼Œåªå…³è”åˆ°1è¡Œæ•°æ®å°±è¿”å›ï¼Œè¿™æ ·å°±ä¸éœ€è¦å¯¹å­æŸ¥è¯¢ä¸­çš„æ•°æ®è¿›è¡Œå»é‡å¤„ç†äº†ã€‚ä¸‹é¢æ˜¯ä½¿ç”¨First matchçš„ä¸€ä¸ªä¾‹å­ï¼š

```plain
mysql> explain select * from t_parent where c in (select c from t_subq);
+----+-------------+----------+------+---------------+-------+---------+----------------+------+----------+-----------------------------------+
| id | select_type | table    | type | possible_keys | key   | key_len | ref            | rows | filtered | Extra                             |
+----+-------------+----------+------+---------------+-------+---------+----------------+------+----------+-----------------------------------+
|  1 | SIMPLE      | t_parent | ALL  | NULL          | NULL  | NULL    | NULL           |    7 |   100.00 | Using where                       |
|  1 | SIMPLE      | t_subq   | ref  | uk_cb         | uk_cb | 5       | rep.t_parent.c |    1 |   100.00 | Using index; FirstMatch(t_parent) |
+----+-------------+----------+------+---------------+-------+---------+----------------+------+----------+-----------------------------------+
```

æ³¨æ„åˆ°ä¸Šé¢çš„æ‰§è¡Œè®¡åˆ’ä¸­ï¼ŒExtraåˆ—æ˜¾ç¤ºçš„FirstMatch(t\_parent)ã€‚First Matchå’ŒDuplicate Weedoutçš„ä¸€ä¸ªä¸»è¦çš„åŒºåˆ«æ˜¯**è¡¨è¿æ¥çš„é¡ºåºä¸ä¸€æ ·**ã€‚å¦‚æœä»¥å­æŸ¥è¯¢ä¸­çš„è¡¨ä½œä¸ºé©±åŠ¨è¡¨ï¼Œå°±æ— æ³•ä½¿ç”¨First Matchç­–ç•¥äº†ã€‚

### LooseScan

LooseScanç­–ç•¥ä¼šåˆ©ç”¨å­æŸ¥è¯¢ä¸­è¡¨ä¸Šçš„ç´¢å¼•æ¥è·å–åˆ°ä¸€ç»„å”¯ä¸€çš„å€¼ï¼Œå†è·Ÿä¸»æŸ¥è¯¢ä¸­çš„è¡¨è¿›è¡Œè¿æ¥ã€‚ä¸‹é¢æ˜¯ä½¿ç”¨LooseScançš„ä¸€ä¸ªä¾‹å­ï¼š

```plain
mysql> explain  select * from t_parent where a in (select a from t_subq);
+----+-------------+----------+-------+---------------+---------+---------+--------------+------+----------+-------------------------------------+
| id | select_type | table    | type  | possible_keys | key     | key_len | ref          | rows | filtered | Extra                               |
+----+-------------+----------+-------+---------------+---------+---------+--------------+------+----------+-------------------------------------+
|  1 | SIMPLE      | t_subq   | index | idx_abc       | idx_abc | 15      | NULL         |    4 |   100.00 | Using where; Using index; LooseScan |
|  1 | SIMPLE      | t_parent | ref   | idx_a         | idx_a   | 5       | rep.t_subq.a |    1 |   100.00 | NULL                                |
+----+-------------+----------+-------+---------------+---------+---------+--------------+------+----------+-------------------------------------+
```

æ³¨æ„åˆ°ä¸Šé¢çš„æ‰§è¡Œè®¡åˆ’Extraä¸­æ˜¾ç¤ºçš„LooseScanï¼Œä½¿ç”¨äº†t\_subqè¡¨ä¸Šçš„ç´¢å¼•idx\_abcè·å–åˆ°açš„ä¸€ç³»åˆ—å”¯ä¸€å€¼ï¼Œè¿™ç§æ–¹å¼å’Œç´¢å¼•è·³è·ƒæ‰«æï¼ˆindex skip scanï¼‰æœ‰ä¸€äº›ç›¸ä¼¼ä¹‹å¤„ã€‚ä½¿ç”¨LooseScanç­–ç•¥æ—¶ï¼Œä»¥å­æŸ¥è¯¢ä¸­çš„è¡¨ä½œä¸ºé©±åŠ¨è¡¨ã€‚

### Materialize with deduplication

åœ¨Materialize with deduplicationè¿™ç§ç­–ç•¥ä¸‹ï¼Œå­æŸ¥è¯¢è¢«ç‰©åŒ–ï¼ˆMaterializeï¼‰æˆä¸€ä¸ªä¸´æ—¶è¡¨ï¼Œç”Ÿæˆä¸´æ—¶è¡¨çš„æ—¶å€™ä¼šåŒæ—¶å¯¹æ•°æ®è¿›è¡Œå»é‡ã€‚å»é‡åçš„ä¸´æ—¶è¡¨å†å’ŒåŸå…ˆä¸»æŸ¥è¯¢ä¸­çš„è¡¨è¿›è¡Œè¿æ¥ã€‚ä¸‹é¢å°±æ˜¯ä½¿ç”¨è¿™ç§ç­–ç•¥çš„ä¸€ä¸ªä¾‹å­ï¼š

```plain
mysql> explain  select * from t_parent where a in (select d from t_subq where a in (2));
+----+--------------+-------------+------+---------------+---------+---------+---------------+------+----------+-------------+
| id | select_type  | table       | type | possible_keys | key     | key_len | ref           | rows | filtered | Extra       |
+----+--------------+-------------+------+---------------+---------+---------+---------------+------+----------+-------------+
|  1 | SIMPLE       | <subquery2> | ALL  | NULL          | NULL    | NULL    | NULL          | NULL |   100.00 | Using where |
|  1 | SIMPLE       | t_parent    | ref  | idx_a         | idx_a   | 5       | <subquery2>.d |    1 |   100.00 | NULL        |
|  2 | MATERIALIZED | t_subq      | ref  | idx_abc       | idx_abc | 5       | const         |    2 |   100.00 | NULL        |
+----+--------------+-------------+------+---------------+---------+---------+---------------+------+----------+-------------+
```

æ³¨æ„åˆ°ä¸Šé¢æ‰§è¡Œè®¡åˆ’ä¸­IDä¸º2çš„æŸ¥è¯¢å•å…ƒï¼Œselect\_typeä¸ºMATERIALIZEDï¼Œè¿™æ˜¯åŸºäºå­æŸ¥è¯¢ä¸­çš„è¡¨t\_subqäº§ç”Ÿçš„ä¸´æ—¶è¡¨ã€‚

### åŠè¿æ¥ç­–ç•¥çš„æ‰§è¡Œæˆæœ¬

ä½¿ç”¨Pulloutç­–ç•¥æ—¶ï¼Œå­æŸ¥è¯¢ä¸­éœ€è¦æœ‰ä¸»é”®æˆ–å”¯ä¸€ç´¢å¼•æ¥ä¿è¯æ•°æ®çš„å”¯ä¸€æ€§ã€‚ä½¿ç”¨LooseScanç­–ç•¥æ—¶ï¼Œä¹Ÿéœ€è¦å­æŸ¥è¯¢ä¸­æœ‰ç´¢å¼•ã€‚å…¶ä»–å‡ ç§ç­–ç•¥ï¼Œå¯¹å­æŸ¥è¯¢ä¸­çš„ç´¢å¼•æ²¡æœ‰è¦æ±‚ã€‚

é‚£ä¹ˆåœ¨æ‰§è¡Œä¸€ä¸ªå…·ä½“çš„å­æŸ¥è¯¢æ—¶ï¼Œä¼˜åŒ–å™¨æ˜¯æ€ä¹ˆæ¥é€‰æ‹©åŠè¿æ¥ç­–ç•¥çš„å‘¢ï¼Ÿå®é™…ä¸Šåœ¨è¿™é‡Œï¼Œä¼˜åŒ–å™¨ä¸»è¦ä¹Ÿæ˜¯åŸºäºæˆæœ¬æ¥é€‰æ‹©æ‰§è¡Œç­–ç•¥ã€‚æ¯ä¸€ç§åŠè¿æ¥è½¬æ¢ç­–ç•¥éƒ½æœ‰ç›¸åº”çš„æˆæœ¬è®¡ç®—æ–¹å¼ã€‚æˆ‘ä»¬å¯ä»¥ä½¿ç”¨ä¼˜åŒ–å™¨è·Ÿè¸ªï¼Œæ¥çœ‹ä¸€ä¸‹å­æŸ¥è¯¢ç­–ç•¥çš„é€‰æ‹©è¿‡ç¨‹ã€‚

```plain
mysql> set optimizer_trace='enabled=on';
Query OK, 0 rows affected (0.00 sec)

mysql> explain select item_id, sum(sold) as sold
           from stat_item_detail
           where item_id in (
                select item_id
                from stat_item_detail
                where gmt_create >= '2026-04-26 10:30:00')
           group by item_id;

+----+--------------+------------------+-------+----------------------------+----------------+---------+---------------------+------+----------+-----------------------+
| id | select_type  | table            | type  | possible_keys              | key            | key_len | ref                 | rows | filtered | Extra                 |
+----+--------------+------------------+-------+----------------------------+----------------+---------+---------------------+------+----------+-----------------------+
|  1 | SIMPLE       | <subquery2>      | ALL   | NULL                       | NULL           | NULL    | NULL                | NULL |   100.00 | Using temporary       |
|  1 | SIMPLE       | stat_item_detail | ref   | idx_item_id                | idx_item_id    | 4       | <subquery2>.item_id |    1 |   100.00 | NULL                  |
|  2 | MATERIALIZED | stat_item_detail | range | idx_item_id,idx_gmt_create | idx_gmt_create | 5       | NULL                |   10 |   100.00 | Using index condition |
+----+--------------+------------------+-------+----------------------------+----------------+---------+---------------------+------+----------+-----------------------+
    
mysql> select * from information_schema.optimizer_trace\G
```

- LooseScan

å­æŸ¥è¯¢ä¸­æ²¡æœ‰åˆé€‚çš„ç´¢å¼•å¯ä»¥ç”¨æ¥æ‰§è¡ŒLooseScanç­–ç•¥ã€‚

- MaterializeScançš„æˆæœ¬

MaterializeScançš„æˆæœ¬ä¸»è¦æ˜¯åˆ›å»ºä¸´æ—¶è¡¨çš„æˆæœ¬ï¼Œä»¥åŠå¾€ä¸´æ—¶è¡¨å†™å…¥æ•°æ®çš„æˆæœ¬ã€‚éœ€è¦å†™å…¥ä¸´æ—¶è¡¨çš„è®°å½•é€šè¿‡è®¿é—®ç´¢å¼•idx\_gmt\_createå¾—åˆ°ï¼Œéœ€è¦å†™å…¥10è¡Œè®°å½•ã€‚

```plain
"execution_plan_for_potential_materialization": {
  "steps": [
    {
      "considered_execution_plans": [
        {
          "plan_prefix": [
          ],
          "table": "`stat_item_detail`",
          "best_access_path": {
            "considered_access_paths": [
              {
                "access_type": "ref",
                "index": "idx_item_id",
                "usable": false,
                "chosen": false
              },
              {
                "rows_to_scan": 10,
                "filtering_effect": [
                ],
                "final_filtering_effect": 1,
                "access_type": "range",
                "range_details": {
                  "used_index": "idx_gmt_create"
                },
                "resulting_rows": 10,
                "cost": 12.5992,
                "chosen": true
              }
            ]
          },
          "condition_filtering_pct": 100,
          "rows_for_plan": 10,
          "cost_for_plan": 12.5992,
          "sort_cost": 10,
          "new_cost_for_plan": 22.5992,
          "chosen": true
        }
      ]
    }
  ]
}
```

å†å…³è”ä¸»è¡¨ï¼Œå¾—åˆ°æ‰§è¡Œè®¡åˆ’çš„æ€»æˆæœ¬ä¸º35.6627ã€‚

```plain
{
  "strategy": "MaterializeScan",
  "recalculate_access_paths_and_cost": {
    "tables": [
      {
        "table": "`stat_item_detail`",
        "best_access_path": {
          "considered_access_paths": [
            {
              "access_type": "ref",
              "index": "idx_item_id",
              "rows": 1.88804,
              "cost": 20.0634,
              "chosen": true
            },
            {
              "access_type": "scan",
              "cost": 159249,
              "rows": 903690,
              "chosen": false,
              "cause": "cost"
            }
          ]
        }
      }
    ]
  },
  "cost": 35.6627,
  "rows": 1.88804,
  "duplicate_tables_left": true,
  "chosen": true
}
```

- DuplicatesWeedoutçš„æˆæœ¬

DuplicatesWeedoutçš„æˆæœ¬ï¼Œç”±æ­£å¸¸çš„è¡¨è¿æ¥æˆæœ¬å’Œå»é‡æˆæœ¬ç»„æˆï¼Œå»é‡çš„æˆæœ¬ä¸ºåˆ›å»ºä¸´æ—¶è¡¨çš„æˆæœ¬åŠ ä¸Šå¾€ä¸´æ—¶è¡¨ä¸­å†™å…¥æ•°æ®çš„æˆæœ¬ã€‚ä»ä¼˜åŒ–å™¨è·Ÿè¸ªå¯ä»¥çœ‹åˆ°ï¼Œä½¿ç”¨DuplicatesWeedoutç­–ç•¥æ—¶ï¼ŒæŸ¥è¯¢çš„æ€»æˆæœ¬ä¸º37.4387ï¼Œè¶…è¿‡äº†Materializeçš„æˆæœ¬ï¼Œå› æ­¤æ²¡æœ‰é€‰æ‹©è¿™ä¸ªç­–ç•¥ã€‚

```plain
{
  "strategy": "DuplicatesWeedout",
  "cost": 37.4387,
  "rows": 18.8804,
  "duplicate_tables_left": false,
  "chosen": false
}
```

- ä¸»æŸ¥è¯¢ä½œä¸ºé©±åŠ¨è¡¨çš„æˆæœ¬

ä½¿ç”¨FirstMatchæ—¶ï¼Œä»¥åŸå…ˆçš„ä¸»æŸ¥è¯¢ä½œä¸ºé©±åŠ¨è¡¨ï¼Œè®¿é—®ä¸»è¡¨æ—¶ï¼Œéœ€è¦å…¨è¡¨æ‰«æï¼Œæˆæœ¬è¶…è¿‡äº†ä¹‹å‰Materializeçš„æˆæœ¬ï¼Œå› æ­¤ä¹Ÿæ²¡æœ‰é€‰æ‹©è¿™ä¸ªæ‰§è¡Œè®¡åˆ’ã€‚

```plain
 {
  "plan_prefix": [
  ],
  "table": "`stat_item_detail`",
  "best_access_path": {
    "considered_access_paths": [
      {
        "access_type": "ref",
        "index": "idx_item_id",
        "usable": false,
        "chosen": false
      },
      {
        "rows_to_scan": 903690,
        "filtering_effect": [
        ],
        "final_filtering_effect": 1,
        "access_type": "scan",
        "resulting_rows": 903690,
        "cost": 159249,
        "chosen": true,
        "use_tmp_table": true
      }
    ]
  },
  "condition_filtering_pct": 100,
  "rows_for_plan": 903690,
  "cost_for_plan": 159249,
  "semijoin_strategy_choice": [
  ],
  "pruned_by_cost": true
}
```

## åè¿æ¥ï¼ˆANTI Joinï¼‰ç®€ä»‹

æŒ‰å®˜æ–¹æ–‡æ¡£çš„è¯´æ³•ï¼ŒMySQL 8.0.17å¼€å§‹ï¼Œå¯¹äºæ»¡è¶³åŠè¿æ¥è½¬æ¢æ¡ä»¶çš„not inã€not existsæŸ¥è¯¢ï¼ŒMySQLè¿˜ä¼šä½¿ç”¨åæŸ¥è¯¢ï¼ˆANTI Joinï¼‰è½¬æ¢ã€‚

ä½†æ˜¯åœ¨æˆ‘çš„æµ‹è¯•ä¸­ï¼Œnot inçš„æ‰§è¡Œè®¡åˆ’ä¸­ä»æ—§æ˜¯ç›¸å…³å­æŸ¥è¯¢ï¼ˆDEPENDENT SUBQUERYï¼‰ã€‚

```plain
mysql> explain select * from t_parent 
    where b not in (
        select b from t_subq where b is not null
    );
+----+--------------------+----------+-------+---------------+-------+---------+------+------+----------+--------------------------+
| id | select_type        | table    | type  | possible_keys | key   | key_len | ref  | rows | filtered | Extra                    |
+----+--------------------+----------+-------+---------------+-------+---------+------+------+----------+--------------------------+
|  1 | PRIMARY            | t_parent | ALL   | NULL          | NULL  | NULL    | NULL |    7 |   100.00 | Using where              |
|  2 | DEPENDENT SUBQUERY | t_subq   | index | NULL          | uk_cb | 10      | NULL |    3 |    66.67 | Using where; Using index |
+----+--------------------+----------+-------+---------------+-------+---------+------+------+----------+--------------------------+
```

ç»™ä¸»æŸ¥è¯¢çš„not inå­—æ®µåŠ ä¸Šnot nullæ¡ä»¶åï¼ŒæŸ¥è¯¢æ‰è½¬æ¢æˆäº†åè¿æ¥ã€‚

```plain
mysql> explain select * from t_parent 
    where not exists (
        select 1 from t_subq where a=t_parent.a) 
    and a is not null;
+----+-------------+----------+-------+---------------+---------+---------+----------------+------+----------+--------------------------------------+
| id | select_type | table    | type  | possible_keys | key     | key_len | ref            | rows | filtered | Extra                                |
+----+-------------+----------+-------+---------------+---------+---------+----------------+------+----------+--------------------------------------+
|  1 | SIMPLE      | t_parent | range | idx_a         | idx_a   | 5       | NULL           |    6 |   100.00 | Using index condition                |
|  1 | SIMPLE      | t_subq   | ref   | idx_abc       | idx_abc | 5       | rep.t_parent.a |    1 |   100.00 | Using where; Not exists; Using index |
+----+-------------+----------+-------+---------------+---------+---------+----------------+------+----------+--------------------------------------+

mysql> show warnings\G
*************************** 2. row ***************************
  Level: Note
   Code: 1003
Message: /* select#1 */ select `rep`.`t_parent`.`id` AS `id`,
     `rep`.`t_parent`.`a` AS `a`,`rep`.`t_parent`.`b` AS `b`,
     `rep`.`t_parent`.`c` AS `c`,`rep`.`t_parent`.`padding` AS `padding` 
from `rep`.`t_parent` anti join (`rep`.`t_subq`) 
on((`rep`.`t_subq`.`a` = `rep`.`t_parent`.`a`)) 
where (`rep`.`t_parent`.`a` is not null)
```

å…³äºåè¿æ¥ï¼Œæœ‰ä¸€ç‚¹éœ€è¦æ³¨æ„ï¼Œå°±æ˜¯not inå’Œnot existså¹¶ä¸å®Œå…¨ç­‰ä»·ã€‚å¦‚æœå­æŸ¥è¯¢ä¸­å­˜åœ¨NULLå€¼ï¼Œé‚£ä¹ˆnot inä¸ä¼šè¿”å›ä»»ä½•æ•°æ®ã€‚

æˆ‘ä»¬æ¥æ‰§è¡Œä¸€ä¸ªç®€å•çš„æµ‹è¯•ï¼Œå­è¡¨t\_subqå†™å…¥ä¸€æ¡nullçš„æ•°æ®ã€‚

```plain
mysql> insert into t_subq values(5,null, 0,0,0,null);
Query OK, 1 row affected (0.25 sec)

mysql> select * from t_parent;
+----+------+------+------+---------+
| id | a    | b    | c    | padding |
+----+------+------+------+---------+
|  1 |    1 |    1 |    1 | NULL    |
|  2 |    2 |    2 |    2 | NULL    |
|  3 |    3 |    3 |    3 | NULL    |
|  4 |    4 |    4 |    4 | NULL    |
|  5 |    5 |    5 |    5 | NULL    |
|  6 | NULL |    0 |    0 | NULL    |
|  7 |    2 |    2 |    2 | NULL    |
+----+------+------+------+---------+
7 rows in set (0.00 sec)

mysql> select * from t_subq;
+----+------+------+------+------+---------+
| id | a    | b    | c    | d    | padding |
+----+------+------+------+------+---------+
|  1 |    1 |    1 |    1 |    1 | NULL    |
|  2 |    2 |    2 |    2 |    2 | NULL    |
|  3 |    3 |    3 |    3 |    3 | NULL    |
|  4 |    2 |    4 |    4 |    2 | NULL    |
|  5 | NULL |    0 |    0 |    0 | NULL    |
+----+------+------+------+------+---------+
```

ä½¿ç”¨not inæ—¶ï¼ŒæŸ¥è¯¢æ²¡æœ‰è¿”å›ä»»ä½•æ•°æ®ã€‚è¿™ä¸€ç‚¹æ˜¯ä½¿ç”¨not inæ—¶éœ€è¦æ³¨æ„çš„ã€‚è¿™æ˜¯ç”±not inå’Œnullçš„è¯­æ„å†³å®šçš„ï¼Œä¸å…‰æ˜¯MySQLï¼Œåœ¨å…¶ä»–æ•°æ®åº“ä¸­ä¹Ÿæ˜¯ä¸€æ ·çš„ã€‚

```plain
mysql> select * from t_parent where a not in (select a from t_subq);
Empty set (0.01 sec)
```

ä½¿ç”¨not existsæ—¶ï¼Œå¯ä»¥æŸ¥è¯¢åˆ°æ•°æ®ã€‚

```plain
mysql> select * from t_parent where not exists (
    select 1 from t_subq where a=t_parent.a);
+----+------+------+------+---------+
| id | a    | b    | c    | padding |
+----+------+------+------+---------+
|  4 |    4 |    4 |    4 | NULL    |
|  5 |    5 |    5 |    5 | NULL    |
|  6 | NULL |    0 |    0 | NULL    |
+----+------+------+------+---------+
```

å­æŸ¥è¯¢ä¸­éœ€è¦å¢åŠ not nullæ¡ä»¶ï¼Œnot inæ‰èƒ½æŸ¥è¯¢åˆ°æ•°æ®ã€‚ä½†æ˜¯å’Œnot existsè¿”å›çš„æ•°æ®è¿˜æ˜¯æœ‰ä¸€ç‚¹ä¸åŒï¼Œå°±æ˜¯not existsæŸ¥è¯¢è¿”å›äº†ä¸»è¡¨ä¸­å…³è”å­—æ®µä¸ºnullçš„æ•°æ®ã€‚

```plain
mysql> select * from t_parent where a not in (
   select a from t_subq where a is not null);
+----+------+------+------+---------+
| id | a    | b    | c    | padding |
+----+------+------+------+---------+
|  4 |    4 |    4 |    4 | NULL    |
|  5 |    5 |    5 |    5 | NULL    |
+----+------+------+------+---------+
```

## æ— æ³•ä½¿ç”¨åŠè¿æ¥ä¼˜åŒ–çš„å­æŸ¥è¯¢

MySQLä¸­ï¼Œå­æŸ¥è¯¢å¯ä»¥å‡ºç°åœ¨è¯­å¥çš„ä¸åŒéƒ¨åˆ†ã€‚å­æŸ¥è¯¢å¯ä»¥å‡ºç°åœ¨Whereæ¡ä»¶ä¸­ï¼Œä¸€èˆ¬ä»¥existsã€not existsã€inã€not inçš„å½¢å¼å‡ºç°ï¼Œè¿™ç§æƒ…å†µå‰é¢æˆ‘ä»¬å·²ç»åšäº†ä¸€äº›è®¨è®ºäº†ã€‚å­æŸ¥è¯¢è¿˜å¯ä»¥å‡ºç°åœ¨SELECTçš„å­—æ®µåˆ—è¡¨ä¸­ï¼Œæˆ–è€…å‡ºç°åœ¨FROMå­å¥ä¸­ï¼ŒFROMå­å¥ä¸­çš„å­æŸ¥è¯¢ä¸€èˆ¬ä¹Ÿç§°ä¸ºæ´¾ç”Ÿè¡¨ã€‚

æœ‰äº›æƒ…å†µä¸‹ï¼ŒMySQLæ— æ³•ä½¿ç”¨åŠè¿æ¥è½¬æ¢æ¥è‡ªåŠ¨ä¼˜åŒ–å­æŸ¥è¯¢ï¼Œæ¯”å¦‚å½“å­æŸ¥è¯¢å‡ºç°åœ¨selectçš„åˆ—è¡¨ä¸­ï¼Œæˆ–è€…å­æŸ¥è¯¢ä¸­ä½¿ç”¨äº†èšåˆå‡½æ•°ã€‚è¿™äº›æƒ…å†µä¸‹ï¼Œä½ å¯èƒ½éœ€è¦æ‰‹åŠ¨æ”¹å†™SQLï¼Œæ¥ä¼˜åŒ–æ€§èƒ½ã€‚

æˆ‘ä»¬æ¥ä¸¾å‡ ä¸ªä¾‹å­ã€‚å…ˆåˆ›å»ºä¸€ä¸ªæµ‹è¯•è¡¨ï¼Œå†™å…¥ä¸€äº›æ•°æ®ã€‚

```plain
create table emp_salary(
    id int not null auto_increment,
	emp_id int not null,
	dept_id int not null,
	salary int not null,
	padding varchar(2000),
	primary key(id),
	key idx_emp_id(emp_id),
	key idx_dept_id(dept_id)
) engine=innodb;

insert into emp_salary(emp_id, dept_id, salary, padding)
select 100000 + n, n % 10, 10000 + (n * n) % 10000, rpad('A', 1000, 'ABCD') 
from numbers;
```

ä¸‹é¢è¿™ä¸ªSQLï¼Œå­æŸ¥è¯¢ä¸­ä½¿ç”¨äº†èšåˆå‡½æ•°ï¼Œä¼˜åŒ–å™¨æ— æ³•ä½¿ç”¨åŠè¿æ¥è½¬æ¢ã€‚

```plain
mysql> explain select * from emp_salary t1
where salary > (select avg(salary) 
                from emp_salary 
                where dept_id = t1.dept_id)

+----+--------------------+------------+------+---------------+-------------+---------+-----------------+------+----------+-------------+
| id | select_type        | table      | type | possible_keys | key         | key_len | ref             | rows | filtered | Extra       |
+----+--------------------+------------+------+---------------+-------------+---------+-----------------+------+----------+-------------+
|  1 | PRIMARY            | t1         | ALL  | NULL          | NULL        | NULL    | NULL            | 9295 |   100.00 | Using where |
|  2 | DEPENDENT SUBQUERY | emp_salary | ref  | idx_dept_id   | idx_dept_id | 4       | test.t1.dept_id |  929 |   100.00 | NULL        |
+----+--------------------+------------+------+---------------+-------------+---------+-----------------+------+----------+-------------+
```

åœ¨æˆ‘çš„æµ‹è¯•ç¯å¢ƒä¸­ï¼Œæ‰§è¡Œè¿™ä¸ªSQLéœ€è¦å¤§çº¦æ‰§è¡Œ9ç§’ï¼ŒåŸå› ä¸»è¦æ˜¯å­æŸ¥è¯¢æ‰§è¡Œçš„æ¬¡æ•°æ¯”è¾ƒå¤šã€‚

ç±»ä¼¼çš„ï¼Œä¸‹é¢è¿™ä¸ªSQLä¹Ÿéœ€è¦æ‰§è¡Œ9ç§’ã€‚

```plain
mysql> explain select * from (
    select t1.emp_id, t1.dept_id, t1.salary, 
        (select avg(salary) 
         from emp_salary where dept_id = t1.dept_id
        ) as dept_avg_salary
    from emp_salary t1 ) t
where salary > dept_avg_salary;

+----+--------------------+------------+------+---------------+-------------+---------+-----------------+------+----------+-------------+
| id | select_type        | table      | type | possible_keys | key         | key_len | ref             | rows | filtered | Extra       |
+----+--------------------+------------+------+---------------+-------------+---------+-----------------+------+----------+-------------+
|  1 | PRIMARY            | <derived2> | ALL  | NULL          | NULL        | NULL    | NULL            | 9295 |    33.33 | Using where |
|  2 | DERIVED            | t1         | ALL  | NULL          | NULL        | NULL    | NULL            | 9295 |   100.00 | NULL        |
|  3 | DEPENDENT SUBQUERY | emp_salary | ref  | idx_dept_id   | idx_dept_id | 4       | test.t1.dept_id |  929 |   100.00 | NULL        |
+----+--------------------+------------+------+---------------+-------------+---------+-----------------+------+----------+-------------+
```

å¯¹äºè¿™æ ·çš„SQLï¼Œæˆ‘ä»¬å¯ä»¥å°è¯•æ”¹å†™ï¼Œå°†ç›¸å…³å­æŸ¥è¯¢æ”¹æˆä¸ç›¸å…³å­æŸ¥è¯¢ï¼Œè¿™æ ·å¯ä»¥å‡å°‘å­æŸ¥è¯¢çš„æ‰§è¡Œæ¬¡æ•°ã€‚

```plain
mysql> select t1.* 
from emp_salary t1,  (
    select dept_id, avg(salary) as avg_salary 
    from emp_salary 
    group by dept_id ) t2
where t1.dept_id = t2.dept_id
and t1.salary > t2.avg_salary;

+----+-------------+------------+-------+---------------+-------------+---------+-----------------+------+----------+--------------------------+
| id | select_type | table      | type  | possible_keys | key         | key_len | ref             | rows | filtered | Extra                    |
+----+-------------+------------+-------+---------------+-------------+---------+-----------------+------+----------+--------------------------+
|  1 | PRIMARY     | t1         | ALL   | idx_dept_id   | NULL        | NULL    | NULL            | 9295 |   100.00 | NULL                     |
|  1 | PRIMARY     | <derived2> | ref   | <auto_key0>   | <auto_key0> | 4       | test.t1.dept_id |   92 |    33.33 | Using where; Using index |
|  2 | DERIVED     | emp_salary | index | idx_dept_id   | idx_dept_id | 4       | NULL            | 9295 |   100.00 | NULL                     |
+----+-------------+------------+-------+---------------+-------------+---------+-----------------+------+----------+--------------------------+
```

æŒ‰ä¸Šé¢è¿™ä¸ªæ–¹å¼æ”¹å†™åï¼ŒSQLçš„æ‰§è¡Œæ•ˆç‡æå‡äº†å¾ˆå¤šå€ã€‚ä½ ä¹Ÿå¯ä»¥åˆ°è‡ªå·±çš„ç¯å¢ƒä¸­éªŒè¯ä¸€ä¸‹ã€‚è¿˜å¯ä»¥å¯¹æ¯”ä¸€ä¸‹è¿™å‡ ä¸ªSQLåœ¨æ…¢æ—¥å¿—ä¸­çš„Rows\_examinedæŒ‡æ ‡ã€‚

## æ€»ç»“

MySQL 8.0å¢å¼ºäº†å­æŸ¥è¯¢çš„ä¼˜åŒ–èƒ½åŠ›ï¼Œå¯¹å¾ˆå¤šç®€å•çš„å­æŸ¥è¯¢ï¼Œä¼˜åŒ–å™¨å¯ä»¥è‡ªåŠ¨å¤„ç†ã€‚å¦‚æœä½ åœ¨å­æŸ¥è¯¢ä¸­ä½¿ç”¨äº†èšåˆå‡½æ•°ï¼Œæˆ–è€…åœ¨selectå­—æ®µä¸­ä½¿ç”¨äº†å­æŸ¥è¯¢ï¼Œå¯èƒ½éœ€è¦è¿›è¡Œæ‰‹åŠ¨çš„ä¼˜åŒ–ã€‚ä½¿ç”¨not inæ—¶ï¼Œè¦æ³¨æ„å­æŸ¥è¯¢ä¸­ä¸è¦å‡ºç°nullçš„æ•°æ®ï¼Œè¿™ä¼šå¯¼è‡´æŸ¥è¯¢ä¸åˆ°ä»»ä½•æ•°æ®ã€‚

## æ€è€ƒé¢˜

è¿™ä¸€è®²ä¸­ï¼Œæˆ‘æä¾›äº†ä¸¤ç§æ‰‹åŠ¨æ”¹å†™å­æŸ¥è¯¢çš„æ€è·¯ã€‚

æ€è·¯1ï¼š

```plain
mysql> select t1.item_id, sum(t1.sold) as sold
from stat_item_detail t1, (
  select distinct item_id 
  from stat_item_detail t2
  where t2.gmt_create >= '2026-04-26 10:30:00') t22
where t1.item_id = t22.item_id
group by t1.item_id;
```

æ€è·¯2ï¼š

```plain
select item_id, sum(sold) from (
    select distinct t1.id,  t1.item_id, t1.sold as sold
    from stat_item_detail t1, stat_item_detail t2
    where t1.item_id = t2.item_id
    and t2.gmt_create >= '2026-04-26 10:30:00'
) t group by item_id;
```

è¯·é—®è¿™ä¸¤ç§æ”¹å†™æ–¹å¼ï¼Œåˆ†åˆ«å¯¹åº”äº†MySQLåŠè¿æ¥è½¬æ¢ä¸­çš„å“ªä¸€ä¸ªç­–ç•¥ï¼Ÿ

æœŸå¾…ä½ çš„æ€è€ƒï¼Œæ¬¢è¿ä½ åœ¨ç•™è¨€åŒºä¸­ä¸æˆ‘äº¤æµã€‚å¦‚æœä»Šå¤©çš„è¯¾ç¨‹è®©ä½ æœ‰æ‰€æ”¶è·ï¼Œä¹Ÿæ¬¢è¿è½¬å‘ç»™æœ‰éœ€è¦çš„æœ‹å‹ã€‚æˆ‘ä»¬ä¸‹èŠ‚è¯¾å†è§ï¼
<div><strong>ç²¾é€‰ç•™è¨€ï¼ˆ3ï¼‰</strong></div><ul>
<li><span>å¶æ˜</span> ğŸ‘ï¼ˆ1ï¼‰ ğŸ’¬ï¼ˆ1ï¼‰<p>æ€è·¯1
+----+-------------+------------+------------+-------+----------------------------------------+
| id | select_type | table      | partitions | type  | Extra                                  |
+----+-------------+------------+------------+-------+----------------------------------------+
|  1 | PRIMARY     | &lt;derived2&gt; | NULL       | ALL   | Using temporary                        |
|  1 | PRIMARY     | t1         | NULL       | ref   | NULL                                   |
|  2 | DERIVED     | t2         | NULL       | range | Using index condition; Using temporary |
+----+-------------+------------+------------+-------+----------------------------------------+


ç¬¬ä¸€ç§æ”¹å†™æ–¹å¼å¯¹åº”åŠè¿æ¥è½¬æ¢ä¸­çš„ Materialize with deduplication ç­–ç•¥ï¼Œ
ä» distinct item_id çš„è¯­ä¹‰å’Œæ‰§è¡Œè®¡åˆ’ä¸­ Extra åˆ—ä¸­çš„ Using temporaryï¼Œå†é€šè¿‡æ‰§è¡Œè®¡åˆ’çš„æ‰§è¡Œé¡ºåºå¯çŸ¥ï¼Œå…ˆç”Ÿæˆä¸€ä¸ªå†…å­˜ä¸´æ—¶è¡¨ï¼Œå°† item_id åˆ—è®¾ç½®ä¸ºå”¯ä¸€é”®ï¼Œ
ç„¶åèŒƒå›´æ‰«æç´¢å¼• idx_gmt_create ï¼Œå°†æ»¡è¶³æŸ¥è¯¢æ¡ä»¶çš„ item_id æ’å…¥åˆ°è¡¨ä¸­ã€‚æ’å…¥å®Œæˆåï¼Œç”¨è¯¥ä¸´æ—¶è¡¨ä¸è¡¨ stat_item_detail è¿›è¡Œ join æ“ä½œã€‚
è¿™ä¸ªè¿‡ç¨‹ä¸ materialize with deduplication ç­–ç•¥çš„è¿‡ç¨‹ä¸€æ ·â€”â€”å…ˆå°†å­æŸ¥è¯¢ç‰©åŒ–æˆä¸€ä¸ªä¸´æ—¶è¡¨ï¼Œç„¶åå¯¹ä¸´æ—¶è¡¨ä¸­çš„è®°å½•è¿›è¡Œå»é‡æ“ä½œï¼Œæœ€åå°†å»é‡åçš„ä¸´æ—¶è¡¨ä¸åŸä¸»æŸ¥è¯¢ä¸­çš„è¡¨è¿›è¡Œå…³è”æŸ¥è¯¢ã€‚


æ€è·¯2
+----+-------------+------------+------------+-------+----------------------------------------+
| id | select_type | table      | partitions | type  | Extra                                  |
+----+-------------+------------+------------+-------+----------------------------------------+
|  1 | PRIMARY     | &lt;derived2&gt; | NULL       | ALL   | Using temporary                        |
|  2 | DERIVED     | t2         | NULL       | range | Using index condition; Using temporary |
|  2 | DERIVED     | t1         | NULL       | ref   | NULL                                   |
+----+-------------+------------+------------+-------+----------------------------------------+

ç¬¬äºŒç§æ”¹å†™æ–¹å¼å¯¹åº”åŠè¿æ¥è½¬æ¢ä¸­çš„ Duplicate Weedout ç­–ç•¥ï¼Œä½¿ç”¨åˆ°äº†å†…å­˜ä¸´æ—¶è¡¨ï¼Œå¹¶ç”¨ä¸»é”®æ¥å»é‡ã€‚</p>2024-10-12</li><br/><li><span>é™ˆæ˜Ÿå®‡(2.11)</span> ğŸ‘ï¼ˆ0ï¼‰ ğŸ’¬ï¼ˆ1ï¼‰<p>è¿™äº›ç­–ç•¥åˆ†åˆ«æ˜¯ pulloutã€duplicate weedoutã€first matchã€loose scanã€materializationã€‚ è¿™äº›æ˜¯8.0æ‰æœ‰å—ï¼Ÿåœ¨5.7é‡Œå¾ˆå°‘çœ‹åˆ°ã€‚</p>2024-10-11</li><br/><li><span>é™ˆæ˜Ÿå®‡(2.11)</span> ğŸ‘ï¼ˆ0ï¼‰ ğŸ’¬ï¼ˆ1ï¼‰<p>mysql&gt; explain select item_id, sum(sold) as sold 
      from stat_item_detail 
      where item_id in (
           select item_id 
           from stat_item_detail 
           where Gmt_create &gt;= &#39;2026-04-26 10:30:00&#39;) 
      group by item_id;

+----+--------------------+------------------+----------------+----------------------------+-------------+---------+------+---------+-------------+
| id | select_type        | table            | type           | possible_keys              | key         | key_len | ref  | rows    | Extra       |
+----+--------------------+------------------+----------------+----------------------------+-------------+---------+------+---------+-------------+
|  1 | PRIMARY            | stat_item_detail | index          | NULL                       | idx_item_id | 4       | NULL | 1000029 | Using where |
|  2 | DEPENDENT SUBQUERY | stat_item_detail | index_subquery | idx_item_id,idx_gmt_create | idx_item_id | 4       | func |       1 | Using where |
+----+--------------------+------------------+----------------+----------------------------+-------------+---------+------+---------+-------------+
æ‰§è¡Œä¸æ˜¯æŒ‰idä»å¤§åˆ°å°æ‰§è¡Œå—ï¼Ÿæ„Ÿè§‰å­æŸ¥è¯¢åº”è¯¥èµ°æ—¶é—´å­—æ®µçš„ç´¢å¼•ï¼Œè¿™é‡Œæ˜¯ä¸æ˜¯æœ‰é—®é¢˜ï¼Œæœ‰ç‚¹æ²¡ç†è§£ã€‚
â€œä»ä¸Šé¢çš„è¿™ä¸ªæ‰§è¡Œè®¡åˆ’å¯ä»¥çœ‹åˆ°ï¼Œè¿™ä¸ª SQL åœ¨æ‰§è¡Œæ—¶ï¼Œå…ˆå…¨é‡æ‰«æç´¢å¼• idx_item_idï¼Œæ¯å¾—åˆ°ä¸€ä¸ª item_id åï¼Œæ‰§è¡Œç›¸å…³å­æŸ¥è¯¢ï¼ˆDEPENDENT SUBQUERYï¼‰select 1 from stat_item_detail where gmt_create &gt;= â€˜2026-04-26 10:30:00â€™ and item_id = primary.item_idã€‚å½“ä¸»æŸ¥è¯¢ä¸­è¡¨ä¸­çš„æ•°æ®é‡å¾ˆå¤§çš„æ—¶å€™ï¼Œå­æŸ¥è¯¢æ‰§è¡Œçš„æ¬¡æ•°ä¹Ÿä¼šå¾ˆå¤šï¼Œå› æ­¤ SQL çš„æ€§èƒ½éå¸¸å·®ã€‚â€</p>2024-10-11</li><br/>
</ul>